f0,f1,f2,f3,f4,f5,target
0.7676563941019319,-1.5511414774816619,-0.9223061323513049,1.4118422420178496,0.4599125363209089,-1.9531725648822984,1
1.6577655008193202,-1.1332174532616603,0.8444179759214239,1.0054305156134233,-0.7125645607493803,0.022928794518127793,1
0.5105525628013808,0.25523823842976684,-0.6834425119458092,1.0932496395773779,-0.9451415530563777,-0.4113873337691447,1
1.2936210997450999,-0.6359599207000249,-3.023562691171122,-0.6270469063322778,-2.2991426845371987,-2.7352906489827102,1
-0.3376192246540015,0.8433532839147061,-0.9739457616991749,-0.9397499346317003,2.776121712743671,0.3116159462977699,1
-0.08509108121205855,0.7306709060632257,0.2676958127703615,-0.514380601490877,0.6606731410647244,1.0011633673588651,1
1.0147987067075934,0.2882392270885654,-0.11857854248518596,1.1653698537661084,-1.0200277460787863,-0.06584282681547549,1
-0.8544308180819375,0.5570605720300378,0.6399016585119066,0.900454952780288,0.49629977121672053,0.8705021299442317,1
-0.8742698208963525,0.31890504175321543,1.0484839309506622,1.6475331488935163,0.4256253415077935,1.0609334472842005,1
0.7195907261503656,2.1957831669756525,-0.6494010184911403,-1.3101022615393367,-1.3954299386831617,-3.075843968688504,1
-1.233352790895828,0.4315996411481527,3.429751186624176,0.2986775415244125,2.458813054857325,2.1563263638470245,1
1.483792227367943,0.41102812261744226,-1.1704564617922455,0.774980889007615,-1.31401762487203,0.2377410822187207,1
0.6064826191192692,0.45912134140960864,-0.743752242379519,-1.3419488041757992,-2.093267573802224,-1.7360529730524021,1
-1.0684991868985307,0.5584484838729614,1.2755546120541876,-0.11776619984627364,0.9848472575213585,1.120545723122044,1
0.3890976458854246,0.6097289781453896,-0.97372181257227,0.3206397781871704,-2.6319858262147227,1.9475980278714817,1
-2.101202986679022,-0.19521422116182324,2.267633251467652,0.07511937606175356,-1.6877137266571736,1.1245371153693282,1
-0.2730667946557175,1.3884208685804038,-1.3301571414495301,0.6501054668355096,-0.34212314650164477,-0.3594505307620781,1
-2.2529839158420204,-0.36780732161459356,1.6242812589468953,0.6414985785288613,0.526405236195602,0.7905134290078164,1
0.9297619066448198,0.8461125213505054,-0.528429297297384,-0.8529828360511673,-0.946181667604368,0.6173245484443801,1
-0.9867199372013757,0.6629790380950213,2.1038116728768834,2.1825448676430463,0.3844014441751531,1.5520763731410803,1
0.027689680924035898,-1.2539385412336719,-2.2640666919857653,0.37745170875907624,-0.6115691820144016,-1.0467095373234978,1
-0.7536509702107476,1.0599931194039827,0.9071950129726664,0.9773757585544134,2.383810509834999,1.0807818356132688,1
2.1101618942981766,-1.2102371219116748,0.5035222301959785,0.24566868663464814,0.15150349681762254,-0.014204734163435817,1
0.42005209535650523,-0.4566047775607687,0.5224661460557007,0.8983702541906208,2.304326676183323,1.3721312209442103,1
0.6760448492328558,-1.1177301630404755,1.008161284869737,0.19063494231433079,0.2414885183194735,-1.5826077035427466,1
2.2962615355442315,-1.022063696607324,-2.6902541224596885,-0.9634393048019902,-1.2805619752285047,-0.27919758812344686,1
-0.20763584858481576,-0.8642643939609878,-0.4287148291562084,-0.22512292652613564,1.9633634046158972,0.6316168073835224,1
0.6973712583703854,0.4534220836935765,-0.9231762879135329,0.7447691309864416,0.4759999435325546,-1.2451290118689426,1
-0.1885809777952423,-0.34784797101659237,-0.3871847576635138,1.665683909444972,-0.040624367050624,-1.1618403721815562,1
-1.04860081358949,-0.22238822782789122,-0.9022501753225609,-1.3043326181804393,0.722169371435811,0.019913381324258794,1
-1.5233995715736628,-1.148181330348155,0.5224167643740245,0.8712261980971099,0.28436481575310535,0.5271654449073615,1
-0.15206627297285724,0.13041910750931193,0.09799506250622336,-0.3420320274653406,2.316890350600179,0.915331748953998,1
-1.5745586255096273,-0.9384544985271531,2.7875828609722557,0.18015863495359583,-2.3480221457445523,1.5954606226733326,1
0.3603731951528534,-1.3938614667556113,-2.4434745962906765,-0.4869949172416082,-2.7026034884355106,-3.80979566942516,1
3.0227219823216864,-1.083801995270218,0.300566348863744,1.1837404861681007,0.17471162178609867,0.17533894371989445,1
-2.917858119659611,-1.1788426892475445,1.7340122262114128,-0.34000267576211884,-0.7275935227196395,0.5532917325369975,1
-1.199636835985928,0.2502239141200064,1.4071222668115522,-1.2524495761836907,0.7448820619112246,1.1173009672489802,1
2.8516768773490435,0.33936336256620386,-1.2266429013165026,0.6099426729342815,-0.7130109011890426,-0.40772088137946016,1
-1.061987840091655,-2.428234481287096,0.6923808292499022,0.8728703449389911,2.7169943011905757,0.8619977469831107,1
-0.6319174538177595,-0.00378656636836343,0.3961801492378466,0.10763556150302439,1.9499242759188729,0.8696612705115462,1
-0.663113406395957,-0.3809301182124925,0.6269800304929531,0.31331101285637164,0.0017324985941955529,-2.1604616389839246,1
-1.1088806972285987,-0.05917911081044439,1.5039305070918798,-0.7755218493785112,1.8402395221270615,1.2282940741517556,1
-1.0892253657231508,-0.3107919110553912,0.7374873429193931,0.48675292156320116,0.03805123663249943,-1.5884125350716691,1
-1.4716730643866232,-0.6808226773719577,1.8954577017218526,-0.27732476564192987,1.6580265426431484,1.2622113595434934,1
0.30356124427293407,-0.09107535051039758,0.24735841925073598,-1.477629658982419,0.376042044814072,1.1473034165698128,1
-1.513057561136639,-1.0841285676437977,1.2481335788125272,2.1009285972517695,1.6875390858451962,0.9349209691913342,1
-2.426149942113958,-0.073310193255993,-0.1430553859605016,-0.2817609171674001,-0.8078078906008411,-2.4429049706702193,1
-0.0533394507622984,-1.0515339088233056,-1.1874458392087919,-1.4477086485676693,-2.2863869224027633,-0.19946992954195675,1
1.4730480927180742,0.014763381053155616,0.1665068146579507,0.3260329962089867,-0.5555817522088669,0.7189881862578293,1
-0.013622320447087555,1.470400762320152,-1.2980342525243374,-0.08487179646937802,-1.966295069363756,-1.1977180803262057,1
-0.294634709579201,1.1640431861839835,-0.9485538659828763,-0.8485039331783532,-0.3948137556142758,-3.1396936355460583,1
-0.4162767493563856,1.0550789262696476,0.3901529797369713,0.20743580478054022,1.184595934901266,0.9381144286443783,1
1.68461331272903,-0.28502151069124415,-1.981788194634892,1.58817225479641,-2.458954189950282,-1.13629575588055,1
-1.181281392017022,-0.2269490695430262,1.1882908485574941,-0.040546959756823854,0.34978078682229596,1.0043659534360965,1
2.214136394596437,-0.17707589050882727,-0.6130289537219133,0.14519770160540038,0.20091931874923818,-0.23658094883102765,1
-2.028576812505169,-1.7573406370728761,3.2977664169096963,0.021430571375766864,0.26236668758828185,1.7203369416552192,1
-0.4137263270989865,-1.3497186363268636,1.4477419625853092,0.5896329604694052,1.8294626336063846,1.4813970873615454,1
-0.9170440801067794,2.2509383085308614,0.024389818124259,0.5919314043982176,1.323222018634222,0.5529649977745427,1
-0.44123228366499445,-0.9776885380525953,1.5175320758635342,-0.3072565350688939,0.10770709455559224,1.4680384339226347,1
0.6661629048937967,0.24483920409995324,0.44269656531223345,1.275205736432445,-1.3814542565286205,-1.5700659060125002,1
0.33803782505825586,1.7099086814077074,-0.07896731395715517,0.6674460239832191,-1.295935047489918,-3.573232702173413,1
2.9494695840070353,-0.3128739612043919,-1.378583764833338,-0.7788047286033891,-1.982155676785363,-0.3337195552388511,1
-1.5784419220507693,0.46522568269359166,1.9497893353579936,1.4748339702164097,1.3793504078056964,1.2497051644625485,1
0.19349923644114742,-1.217623442760404,-0.9246823839284726,1.172623982522441,3.072298426461912,0.562006865635732,1
2.6691311241833677,1.1812710322024496,0.942616245820896,0.12535905561789143,0.32693678919498814,-0.24346780256871958,1
0.5299574063962286,-0.07017361621904,-0.6410836735321818,0.5546993385084861,-0.9820599269431268,-0.6419731855176456,1
1.3665987826568649,0.23631006259492324,-2.328083727309477,0.10256884467450991,-1.3457066892629226,-1.7418574622399388,1
0.7301128151697381,1.0912030122258747,-2.262022212988093,0.6629400690638799,-1.7264131315215894,-1.8396345961889127,1
1.005790492423515,-0.6213556404859518,-0.883057369993387,2.113514302797945,-1.4433472082345669,0.18146960988362926,1
-0.6710811272206922,0.5579062975392637,-0.37772424254130577,0.5652557235064153,-1.663402343858845,-0.22768945841197263,1
4.311074134970934,0.44000377484891257,-3.4347389846810867,1.177299563001106,-1.4564183147634253,-0.4406916054665114,1
2.418984562390627,-0.4832921023122727,-2.6400341659895226,0.6004365776258422,-1.9729253008302527,0.7898713050842736,1
1.670294460378538,-0.5411770681674768,0.05958440852949276,1.1743560145148684,-0.05076766009812439,-1.9361970608392216,1
0.9442678079950726,-1.5719814207996121,-0.862173419475959,-0.43295484606475904,-0.5517877433177754,-0.3892456540250442,1
2.723193434364093,-0.465909194175621,-1.1724438949878893,-1.3899489287030355,-1.133433211802907,-0.7089151211712652,1
1.1267465243068466,-0.8254438948442349,-1.2394428640007074,0.39183001017279584,-1.528626406873535,-0.042100571703478584,1
-1.413816614560569,0.49605502445178673,0.31973482952141874,-0.2574067803183537,3.530194362552883,0.5414219297729044,1
-0.005679047636442336,-0.06890997639099139,0.22985869825443328,-0.16162674846189623,-0.6843618016972608,-0.3575593477788408,1
2.6069837635544935,0.34545798288816215,-1.730240480994713,0.9130631564333996,-1.8337365070967402,0.0558997602710023,1
-0.13899763325679126,0.45048392475152016,0.4264531639946113,-1.197647518183433,2.8693195096262984,1.1080799057818778,1
1.4002380257967897,0.8710352353107661,-2.2119603731026096,-0.2701800102324092,-1.9887942838789687,-1.9829546309353394,1
-1.0106674417493438,1.2196638509424194,2.04832448449471,0.8270276008308057,0.9520308900771862,1.5149394604217727,1
0.9827017256253582,0.04688592173985732,-1.3381153905175056,-0.30210170892740745,-1.7816398730828567,-0.8000358118054395,1
3.065055923174586,1.9615490427858888,-1.3343738119443485,-1.4056388339480343,-0.15597917428158037,1.0420013390538134,1
2.362497139124635,-2.486149678470236,-0.5152620036889457,-0.07694875829956106,-0.7470055337986851,0.23982582728054114,1
-0.4676377146002022,0.08876668585445492,1.3129283268758254,0.33132925206080754,-0.8151745094413207,1.3381182143419517,1
-0.9719955128414197,0.17020919587427422,1.4595222810925865,-0.9142373214771307,-0.40198653942731877,1.2168400014664085,1
-0.9856451855192021,0.43716940132561427,1.0067168246905096,-0.3215670957775679,0.24249059985413313,-2.911648663248137,1
-0.8925784515343157,0.41323591510557095,0.28097141691675886,-0.4228533983407185,-0.46008533008486685,0.6523286997476623,1
1.3957833685806804,-0.36358787681842886,-0.7229490400210262,0.22080099459253644,-0.8068626584222913,-0.6626302743731988,1
-0.4117185083192294,-1.0637571845390013,-1.2506389516538752,0.8422534964048385,-1.2321274832284987,-0.8397175073161149,1
-0.8710673249481211,-1.1650537473516742,-0.3229686044031739,0.6104896040921954,-1.2203850223636745,-1.73762676397924,1
-0.8085342400940616,2.064025156840204,-0.48718818938759667,-0.3997708460547982,2.0757382407040517,0.356362368478394,1
-0.363090619575583,-1.6433429096396621,0.5254054117410221,0.08393249705408284,3.2154908876482984,1.0691386848584252,1
-0.872143911713752,0.9001627334444808,0.18815409528806715,-0.7691520045533977,1.9518873012693398,0.6583542730236907,1
2.0883597260367317,0.3568800724990371,-1.5375580409501175,1.9485814590487207,-2.018243703109316,-2.9889861200689545,1
0.6074153918124081,-0.9951825984139392,-0.16476637447342735,0.13171876888064055,0.4989215115218021,1.0639691167698604,1
-0.10692132687269829,-0.10552532806532909,-1.4607058280902812,-0.4002804790096889,1.773361543621657,0.14668501435117764,1
-0.30798838780916626,-0.009055207382260087,-1.0250257318770988,-1.5184890471281571,2.031724468287777,0.2874264870864929,1
-1.319166168830979,0.6269441636031794,0.5939900655876487,0.7474011949159047,2.015927191125914,0.686124635961502,1
-1.0425385453415055,0.5619986520517943,1.261873989615642,-1.8219146792377747,-0.05592485531955349,1.0903943688126085,1
-2.3080881260080424,-1.1417245043149507,0.9887131811383721,0.7692315540126498,1.0003744582142045,0.4594848946096419,1
-1.8917444346501888,0.12938243300809024,1.8774937578578135,-0.33251960483281345,0.8824818306078258,1.0699779255081958,1
1.2039028281810036,-0.059621849683128975,-4.294404465251654,-0.0712036802697153,-3.428081464775055,-2.5026426005282865,1
-0.7728524738664764,0.7229986580384247,1.378683233363807,0.16485801047263063,2.1740075042756564,1.3088296911756783,1
-1.4404730210429484,0.15844787116916886,1.6145983409281133,-0.10227786726048486,2.49701651054221,1.158601575128779,1
-1.9629411941422945,1.7765385144334278,0.9354750540733748,-0.3768666494597489,1.7952797327201688,0.572561494058304,1
0.5472891570518199,0.5932535642778095,-2.875672736881996,0.06135714137732425,-1.8916307347813999,0.08734970093990935,1
-1.1721126971450064,0.05721545011006496,1.658108456253906,-1.541742578298416,1.525161660996399,1.2736877884606663,1
-1.7864956945101425,-1.2475334381420273,2.8370185501976266,0.2893467109439805,0.7398749819223623,1.5959943371458647,1
0.2944479862762689,0.5382442189002953,-0.8733735540159655,1.7034009450487873,-2.1169674926821527,-3.041641984239714,1
-1.3188068126703312,-0.5929919940473262,-0.07995493011849675,-1.430430172192788,1.4914358710132323,0.32949711602445664,1
-3.2075724265981176,-1.0064333071717706,5.042265930213673,-0.191845783812055,-0.09127376279720556,2.107769381708942,1
0.15944637072982526,-1.2491270572368116,-0.2697901209052379,-0.4227827206471184,0.021415898509099973,-2.411287027327993,1
-0.8531516599111376,-0.42194228568745107,1.6294327017245713,-0.8917562451910804,2.3919376659037317,1.4029580748128092,1
0.2903196412033521,-0.2895132244096125,-1.9945576782121508,-0.673315525638562,-1.2075893189501592,-1.039490436365078,1
-2.283999099757806,-0.8595346982661727,1.2480451056623276,1.282162695948976,0.769104319029553,0.5934659429184688,1
-1.1951065599929631,-0.39978056525874583,0.5416103906215954,0.666424471685837,0.9155226125509044,0.6864103976112429,1
0.0651516881502976,-0.09018899992451593,0.7655471330944488,1.0204921999415826,1.7615102808283156,1.3332822242172049,1
1.3382614067646583,-2.594627883245342,-2.4186394968278657,-0.0930565178316886,-1.5515436417597455,-2.512292781294118,1
-0.6392465753676452,-0.30817850065671926,1.7524574411821552,0.36990370021433905,-0.6519801009150283,1.4897438090498876,1
2.5243093125368574,-0.8582579678533235,-1.1964135823720863,0.14836719163637738,-1.1425466947299898,-1.382132600400853,1
-2.6118082439956223,-0.13036310131461115,3.0566808831449417,-0.8883379856704553,1.4021350393724474,1.3780362506308155,1
3.2833905981434617,-0.6008432686648155,-0.8786323391512603,-0.5769643249804378,-1.0836927314071838,0.9770069689911633,1
1.9033372926048058,-0.8145329255128492,-3.2614905598967296,-0.3511742640986928,-1.9944781576405946,1.3159757086116217,1
0.05939002225498258,-0.2682750252064828,0.2695449275846933,-0.24262610551411593,2.3318651366029526,1.1022094811339078,1
2.0508920735492118,0.6568884071890637,0.64172836799701,-1.8616766360859454,-0.3673648401371269,-0.4029827302283936,1
0.6130968061156404,0.698583733776204,-0.701739149890625,0.880510688215635,-2.062206202693508,-0.529739544059195,1
-0.31882657240897383,0.20299990290579878,-1.46210190394997,-0.7264511903753581,-2.4294798459013607,-2.053142589644418,1
1.7611312744300915,-0.9533485613149566,-1.2323814572934786,-1.386468464223124,-1.4626349297915007,-0.6426567769003386,1
1.473972645992048,1.2615151804712526,-2.739249971068198,0.9114026160993627,-2.846646293784821,-0.49107056148371486,1
0.8471928331376173,0.5585737239336079,-1.04187323744821,1.126880641761363,-0.639082482510677,-2.0887195355349277,1
-0.8884309426524875,0.051443014598181784,-1.5802970430184535,0.4682558797363157,-2.1119308042502443,-3.691892461210715,1
-2.9519312503163695,0.25012479770902263,1.8214114292998778,-0.2948893147030111,-1.061539021462694,0.5739242508199324,1
-0.8617899364690034,0.8777013670747772,-1.0295395099074094,-0.8335001568554993,-1.8122645249505256,-0.0956173482962076,1
-1.2693408328138829,-0.9666911156806918,1.8875332699912422,0.5253093141899636,1.073851624183297,1.341559377534959,1
0.6381582350978109,0.6261249463550335,-0.3424904857365514,0.8956170761482696,0.07265637268372127,-3.23405854631193,1
-1.5191169771576636,0.2578958389277187,0.5273838938946362,0.9778978957164807,1.662591377303939,0.5632257726518037,1
2.40251381252608,0.6154366383543161,-0.5745535009794249,-2.3207015834656812,-0.9889333928261279,0.5460981263431608,1
-1.3771604184347463,0.6919460278442265,1.601336234926396,0.14872259075403832,2.316083448836922,1.1742816412684625,1
-2.33856391915379,0.5190785597613891,2.9303080812911357,-0.4840886918659898,-0.7628429211930152,1.3886419350800687,1
-1.2245653673861179,-1.517082674365944,0.4432049402720477,0.2256850727399708,-0.8269980117176003,0.5866915391365697,1
-0.11709806158547531,0.25943329671818527,-0.876268395910769,-0.4530497543897458,-1.3147095685546415,0.0036328422090192714,1
0.8477849127074952,1.9089938502323855,-1.2526171176917433,-1.538377633331813,-0.8650818675892094,-1.173731514753689,1
-0.5845957758543456,-1.138027067688442,1.3655057756653328,0.23899874848208588,-1.757962473879458,1.2962162338602836,1
-0.5876489731372112,-1.118819284009164,0.41201141120532747,-0.18663049606313983,-0.45595564372427866,0.848129056346837,1
0.8209188679856348,-1.1216955035185305,-0.6117187544532099,-1.093055390788778,-0.47850093958484197,-0.5956180608966546,1
0.7429445779811465,-1.635260860620629,-2.575537096971307,0.06437720656072488,-2.335165661346192,-1.3513118097165626,1
1.733947895702516,0.34216810704740597,-0.8935130976470899,-0.022521481532707128,-1.9821250800055636,-0.5997863714389833,1
3.139641142855287,-1.2160094383417501,-2.2608744766999216,0.8576136786527486,-1.1227933732368751,0.9263553526825441,1
-0.7038926574500908,2.989889343707059,0.3749001185756581,0.7017401991836565,2.8005256549880033,0.8495620798940122,1
0.16391651676560848,-0.14533971264342294,0.07913765793632055,-0.2759482603542621,-1.1109256063394755,-0.380943123923144,1
0.7159514257209981,0.22645767659921495,-0.09830322163792105,1.4267853537000894,-0.3635693319194969,-0.626497451289201,1
-1.4664571908656128,-1.5163322880594503,-1.8096156152981715,-0.7389763318645233,-2.074080736970659,-3.4617620009801544,1
-0.7579945756829884,-1.9567068321780017,-0.7097763927054674,-1.3667817312780253,0.2663683863511048,-3.5810274113901137,1
-0.6347876931974097,1.6884398735073887,0.6138112120998878,-0.8943701205426855,3.262836747504987,1.005584686441301,1
-1.3770062933342357,-0.3888093409168996,-0.4921330196040974,-1.3660664998365404,-0.922900200926366,0.053652280400597996,1
-1.0457596466142727,0.5408024203986976,-0.7582100702414969,0.49159965025851865,-0.7504959426346731,0.057057100372830405,1
0.20031631145020168,-0.29907610933482015,-0.4564646954250896,0.5210556245805559,-0.8696827517761285,-0.14805044899282616,1
-0.29409238734531307,-0.8065623997852955,2.6420517217753106,-0.3657638133162324,-1.2572969305779877,2.0684856335782364,1
-1.0789333108921575,0.9184183045720634,0.7781323706299188,-1.3675537562510196,2.2441834665538303,0.8832249719928512,1
1.136581609279541,1.096091434159942,-0.3917982995304802,1.5536789604456933,-2.0826097967658295,-0.8787885447005701,1
-0.7884949943296764,-1.6622352719810929,0.9927628603275138,-0.8743047140695892,2.15126332675285,1.110744352773345,1
1.4851609196112827,-0.7314025022033648,-2.871404063003615,1.6141812269003888,-1.1160554675114742,-2.8561954850401716,1
1.1000841088183566,-0.448515791439865,-1.3815007750670523,1.1798038971653857,-0.871935225074562,-0.0672161476360944,1
2.20458373391319,-0.04472042684264069,0.6737103486960658,-1.9429209005157864,1.9212994610299394,2.1224695782018355,1
-0.9467601990952319,0.12503767352868797,0.6877049359209311,0.22711538427784383,0.46263049492819264,0.8533621584676481,1
-1.6243452961949991,0.23194321659616512,2.1988857405918143,-1.1197632046528996,1.6121722235948663,1.3589411255923203,1
-1.9298424639325198,0.018958140652751674,0.009001975605943402,-2.397998275862366,-1.4490392953908997,-4.924557858505308,1
1.4779964484957933,-0.16850204052854906,1.034119757015337,-1.050849024516879,0.2776527034551852,-1.0653387621598545,1
-0.27453943133255887,0.7632882631029175,-1.2012627779128016,-0.13824432932306044,-0.3427104444664776,-0.5399169439375946,1
-1.7794649769842434,0.45243703869094304,1.7412520027545444,-0.579326811887211,-1.7468171043580107,1.0014158930593509,1
1.5879393890895912,0.6445789762112307,-3.449703330924764,0.37516714817547275,-1.1647522083766715,0.865171238096117,1
-1.2106360887196148,0.41729193351462207,-0.007734666983731708,0.8431554477945047,-1.4419753822854984,-1.5213662392785856,1
0.17173776616518932,0.6115715502997575,0.2577134154717693,0.8967974826053006,-0.15342721200970066,1.0849870350516002,1
-1.5592673790051101,1.7224480668756128,1.1947591542581748,0.8410389605482775,1.7101237212598441,0.8793995884089832,1
-0.10557754500252325,0.77936651437781,0.9774053395279313,0.7269921150487961,0.07957743407768414,1.3360919593770841,1
-0.27452262464902,2.24816696100584,0.5337246280131103,-0.11939708603801137,-0.16646906423784746,1.0366822406966523,1
-0.45870558793510563,-0.655216305934971,-0.19517549046441973,-0.10242471396012726,-1.1836072822623334,-3.087119022817897,1
0.7254694749017162,-0.6317829786704785,-1.806620744395728,-0.5269813196512694,-1.3328710044643906,-0.05936540863982742,1
-0.02194517730778789,0.7977197962609371,-0.7907532052687661,-1.3065460135130869,-1.5829812003770702,-1.7111400893592632,1
-0.314053391887537,0.5622150368983928,1.3614905912874375,0.609641932500437,0.9630012945713632,1.4632816481474344,1
0.25366693252714567,-0.13523763564072158,-0.37042223372550187,-1.2442127433573758,1.085948180603096,0.8234247587959715,1
-0.7439427929356535,-1.0855220498019567,-0.24854719687884264,-1.3369763063635876,3.033508976311704,0.5209949940359105,1
-0.3547448355192908,1.9538015680389116,-1.2379350350400142,0.6906802840920718,-1.250745518338035,-2.670982186768048,1
-0.9949975974739588,-0.14784026112915843,0.06004360915484008,-1.048056169135741,-0.17973200418834057,0.5098723314897224,1
-1.9700285645650246,-1.8265667376699435,0.5738727690517245,0.17981821480148033,1.9423932168668125,0.41219843480859075,1
0.07521078564966721,-0.8040885172535176,-2.4613810101845206,0.8889319062352621,-0.9707371350794131,-0.4387512993829481,1
1.8061506769223628,1.3687314742086432,-1.0272236375988995,-0.08983472713013002,-1.4459574520280827,0.5007103760870626,1
2.963516923056546,-0.30821196601613055,-1.6603108106269278,0.2942744512044624,-0.9851887778227763,-1.5006091602472251,1
0.6888770772716919,-1.2198217467608434,-4.137085991756855,2.228511586438228,-1.687085896022547,-1.030686929195049,1
-0.8384726234787119,-0.07367330994664939,0.6236715043145719,-1.0808940843254058,1.3420650535416578,0.8779214311733656,1
-2.598232125358874,1.3761989424549457,1.7128296763724435,-0.716954039219957,0.9989518955004778,0.7038035704102577,1
0.4828101157766598,0.01495614083202041,0.7817804293276428,-0.4319518299159348,-0.13912647197093486,1.4740167682378766,1
-1.0096235519035792,-1.5399069029654593,0.7534741131815577,-0.08644367095146223,2.4389348524469625,0.8995965203450313,1
-1.4455286999310797,-0.6072088695928641,1.887302798746075,-1.4741609477899162,2.9531201499807267,1.3001961942055857,1
-2.4850245647244282,0.7864704390638965,1.8238639621747792,-0.06372615035274871,-0.4866685881405035,0.7726453314845382,1
-0.7554294719528638,-0.6074342260785449,0.2772504024984289,-1.1159177072462396,1.1870868799330099,0.7416627441054919,1
0.5042174689788685,0.2898248388748581,-2.2214990109541923,-0.44991724620138485,-0.5677732835220053,-1.2234234935281816,1
-0.5410545989391505,-0.1454879946772927,0.3900899162622121,-0.07801094147458493,1.5417733237941293,0.8947758240307033,1
1.0247039171827952,0.06455840954905381,-0.7280202791498676,1.2063273037260298,-1.4944201883800874,-1.06741922476068,1
-1.9019116514082122,0.5796416488589671,3.27832312084816,0.09773538609371424,2.860073296977311,1.8115846144615286,1
2.084743507270648,-0.13419034815919553,-1.2192699239706954,-0.7058104252308955,-0.7259220202433979,-1.302722724645437,1
-0.20319512343048174,-0.4673412263470649,0.7131639225244617,-0.7753898601982845,-0.03209460339368109,1.1625555518911346,1
-0.7823310962357193,0.19504761015907893,-0.794571685512889,1.0741645781929279,-1.8948922514336237,-1.748008725211013,1
-0.06768179610925706,-0.30845279301217504,-2.001230781952448,1.0929995019841248,-1.8727724652569409,-0.93590790094427,1
-0.16370490940929694,0.6895896859763107,1.4005194935724332,0.32263139962559345,-0.6042876539921622,1.5059061112469012,1
1.5405223033960667,-1.6721634200346691,-2.751558323679963,-0.22969899135708127,-1.7286676794211626,-3.2404375629901656,1
-2.038857389812361,-0.5812815021264056,4.13586714333251,1.6425186064864346,0.20170792050645714,2.1347688768792237,1
-0.1915057869227974,-1.502904283572235,-2.369394355226693,-1.6293332076442917,-1.906563530371561,-1.554191310245454,1
1.8597282277731564,0.4788384261044732,-1.3704882096445625,-1.54922350820633,-1.0522295283361152,0.4485943739825422,1
-0.6505318129547664,1.152067343332024,-0.4165756035643473,-1.1789532528400433,1.4693038957766429,0.43881673138937927,1
1.1863657919576092,1.8077602207735677,-2.78096237433256,0.5533644520215902,-0.9395678945663383,-2.1314021328781223,1
-0.1125556866632762,-1.1483107875154437,1.2313201537488185,-0.4552341747476113,0.11750897402997684,1.4629038909281957,1
-0.7927006999910027,1.9583910176728396,-2.9742122384976617,-0.676707212272353,1.8580973571825345,2.6499106063510567,1
0.5196577523845001,1.0393132287757771,-1.5254867147747564,0.753636169510743,-0.9349921996945431,-0.19270398910187714,1
-1.263109175176883,0.8850943198783612,2.7758381662247738,2.0501993920500143,2.838689266446613,1.825911747946575,1
2.589134437320698,-0.9678718901358987,-1.9618355294975336,0.18884397998352198,-1.4805400755883107,1.6232951564539433,1
-2.6704210243419926,-0.15936408659527512,1.7364031319781756,-0.9142805840070701,2.1646860880363517,0.7048825372458722,1
0.7801796056160839,1.2414268502848713,0.5532605140406759,0.024767239815069717,-0.253673832050895,-0.9705331303233822,1
2.051458175309919,-1.3334535951927464,1.1419930052683025,-1.7636221638232912,0.30828914377740335,0.3330771240472232,1
0.1457272832166674,2.726826794661975,-2.0954403371377106,-1.2214412862966095,1.2826773636604687,-0.08424824935343755,1
-1.2079662045979958,-0.408218845356916,-1.2013304511242122,-0.16068656568026599,0.8730630510789409,-0.19543814264877768,1
-1.3711643311095214,2.051646191004441,1.81475017006081,0.1081114110324643,1.1762941414623798,1.2643739185327574,1
-0.2691704951008467,1.266603163546634,0.08775973341896837,0.6236472493074732,-1.1981521748937651,-1.6944911892747834,1
-1.408998765643441,-1.3050245856307023,-0.30544369523862414,0.3408156249727202,1.0276231550497048,0.17731189007648174,1
-2.113612452734329,0.7380445293915718,2.96371712070645,-0.2840679601639946,1.1338316251920921,1.533803748561609,1
0.963030962582623,-0.1257623105546905,-1.9680075635263812,-2.115820571039862,-1.3648342501064306,-0.572259905703915,1
-0.2471144509274421,-1.7873928230063496,-2.6194039364181942,-0.03803977876986986,-0.32322921442945085,-1.9706548396788448,1
-0.079056370427384,-1.2947067536141774,0.02165926857455791,0.4273110867538856,-0.7389026679828146,0.8523507423640192,1
-1.8259846219601568,0.6748880929148284,2.578777544549916,0.05662871385657371,3.4832717020073765,1.5113060874794138,1
-1.6225890650352186,0.43990474377091365,2.8699169841818932,1.0752790958354728,0.8092701344579336,1.683515356837849,1
-0.25157242932152724,0.5188768838638563,0.07415075290110795,1.1578849115841738,0.6875316392731723,0.8353379533557118,1
-0.3857170171241947,-1.0036875824704325,1.7283367874014468,0.3655233693761782,0.06434092718307916,1.6033556417295527,1
1.6864079172582755,0.1987203353748907,-1.2420537234591504,0.46761069017319823,-1.9255109600474372,0.5315781690347505,1
-2.1977744870995837,-0.03513333461816017,1.9589121950155168,0.47145207718798043,1.8813201521271288,1.0068953336252922,1
-0.11922024534791431,1.1286728269732687,0.00011084087526558317,-0.8918487127277137,1.5453859798705407,0.8701904205363684,1
3.1904658411951816,1.097285438541682,-2.0931403829392017,0.4759658621782235,-1.664850730646643,-0.34753266707018937,1
-0.9712104049590551,-1.71679737024283,0.6162529783293726,-1.7112424511350879,3.5035110737620117,0.8704362838898944,1
1.5248666114117766,-0.7459907804214435,-1.7111499452745234,-1.9999746105644927,-1.4239931010692968,-1.0917086711819803,1
-1.371611341159558,0.44800699965400265,0.3144539042158059,0.6038605988337657,1.5094429682301285,0.507465992667476,1
-0.45952868559237736,0.1512855378204588,0.32075885494770606,0.6185767624235686,2.1175245536662377,0.9018127456300083,1
-0.8598436302317127,0.2482515016025975,2.2116864623735895,-0.7031483299280344,-0.12497478425101871,1.6489385753442767,1
-1.2160392313819481,-0.520535671483551,-0.6613802200466896,-0.7939192823170048,0.8692187252081901,0.07624683836254209,1
1.0555880066751224,0.2565024364794488,0.20929142555441382,-0.5156407531485049,-0.9770757258162641,1.2082360321984704,1
0.9962543094074878,0.19899438557711935,-0.45485724838603014,-0.4965348420130439,-0.5266616294925577,-1.6220599882552689,1
2.097138430150876,1.0276536193083714,-3.3462316919497948,0.4008028914149231,-1.2590739323656779,0.8432345146566762,1
4.6343695066116535,1.397330813916266,-2.0528928891535276,0.3240675034609137,-0.7492022728376331,1.4245068212150382,1
1.2657312803733738,-0.26680302039841247,-1.007485102819931,0.32304573164698724,0.020493547395153966,-1.6186129996335668,1
-1.5507993185097226,0.3204761522604667,0.30950399555747554,-2.072668950314001,0.7788800861949976,0.4184053145174308,1
-0.05438815170437872,-0.41312111947630104,0.9206322131328069,0.14166302473927578,0.8438580037043326,-1.2221485214512628,1
1.0566798824130172,0.4091900365285784,0.3904276485585203,-0.2353161132772625,-1.061485081733171,-1.599851608701841,1
-0.9811164065723275,-1.813119855480241,-1.320566829175566,-1.2692947461725668,-2.7891268115387122,0.4846876977763641,0
1.0564045830435556,1.1384164263603764,-0.5457505396850304,0.8227606208291642,-1.9606701336435632,-0.08968931774499311,0
0.7016898670864652,0.09041399369518849,-1.257884361881052,-0.6972436508923324,-0.9246489965173224,0.8136330528391424,0
-2.0598461458496686,-1.5459441818940418,-2.505948539215339,-0.48550184348550834,-0.5254262370922214,0.12219756062659681,0
-0.25420898468866804,-0.6605411315373179,1.0041306509900756,-0.2786799177078962,3.2637575924714612,-3.1737519687647007,0
1.3118345189188296,0.5440799110952449,-0.7517572214160043,-0.29494980324740055,-0.772345899405923,1.584130945645617,0
-1.172674258649109,2.0233247442300826,-2.1476280559259404,1.3626156213823049,-3.172984961720359,-0.24994438480157022,0
0.17222206077707602,-1.1191258120803118,-0.7560757202112689,-1.1217980235976779,-0.18535870379228847,1.103246168569577,0
-1.4871353064680792,-0.35087042309925714,-1.3335844098396223,0.23948173576187762,-2.043125189815748,-1.4150968574060656,0
0.8620632932540295,-1.0462060970763074,-1.4102273662402394,-1.1872702256616696,-1.6277373911994384,0.22437047377416863,0
1.1146386321623818,-1.3840276359139283,-1.4521285001806323,0.016006873467947786,-1.173696288843195,1.098233942162329,0
0.9727795576271007,-0.2809489161478447,-2.9848485076643376,-0.39691329915438867,-1.2599579213480185,0.7222436183869413,0
1.3294118079387194,-1.149095002253519,1.1287246550805574,1.8937840898320486,-0.770437225384712,1.428836582219415,0
1.1286393807729687,0.07646871554029325,-0.6268164548410217,0.17676947198708515,-2.4775219577440817,-0.5425346664956778,0
1.1148099810329657,0.3880737337864255,-0.5833569392051707,-0.8113711030227951,-1.938850742724074,-0.09951548973017155,0
-1.9861668972740807,0.8848456542009614,-1.1146563069547748,-1.2118413495431504,-2.2193218079127295,-1.5267533972365346,0
-0.19996232350745702,-0.5259770659333179,-3.113870692881875,0.12729833607936272,-0.4054038744962716,0.5823414923947549,0
1.2686709649388002,0.842166719729404,-0.36024729747126094,-0.4542241718162695,-1.4294087755244345,0.7435701420510323,0
-0.8510763393902325,0.23834646571764945,-0.7953727815319768,-1.3566578274461054,-3.2881935645170994,-1.132730132013536,0
1.5581643533610032,0.5104775188057998,-1.059700308668481,1.6539675407780416,-1.6288508860949462,0.8039552109708816,0
-0.5101928516388686,-1.027172958351903,-1.934429278123419,0.34962197253598637,-0.8045246606098653,-0.41698372236160364,0
-0.6262042466727691,-0.0693641053542784,-0.7425612142430484,0.43272389942683376,0.5567635169958527,-0.5795271472451159,0
0.9548594412576871,0.05966518564654772,-0.39275665783179203,-1.7737827304137554,-1.089707781349149,0.8494195759558336,0
-2.864257922047256,-0.06595443352189452,-2.104332258588998,1.2246837615892552,-1.1851252660297007,-0.04586623699043191,0
-0.21870949290849084,-0.1472341781744424,-1.2917886401332104,0.7542059906134074,-3.3334420172654475,-0.7045716122960862,0
1.0826632937203648,-0.15137407796763247,-1.430648010676265,-0.45855127024597736,-1.2945428830915169,0.7727065499854243,0
0.5557290734454223,-0.4913542795811953,-2.0047377137812976,-2.645394145694028,-0.957279306507465,0.26695476723410727,0
-0.47108584378251506,-1.1059796461666966,-1.6162433998065313,-1.3766000315388154,-2.6426233700292507,-0.8338215981137818,0
-2.403139044791006,0.03963606508148315,-0.265494686416878,0.36080096846521004,-1.901387508897309,-1.2680279292976153,0
-2.3695293797195944,0.44452249956702866,-3.0583705592843575,0.8628798294650041,-0.41940116509661396,0.8573517328941258,0
-1.0172909129292032,-0.6366987639755308,-2.919605208274958,0.7771558744368304,1.1640366271064027,0.35746047414806337,0
-1.1941751989409746,0.18385281047322435,-2.7295394352275,1.7397190745843485,-6.293301546891751,0.863027944415943,0
-2.329145879799907,1.5542620194135703,-0.278415148824927,0.6691934064015016,0.2755758772287915,-3.7686751536739767,0
-1.577826541507693,-0.4640501660560154,-0.9542872864771533,2.249410221900274,1.016316838008295,-1.0477627945919594,0
-2.2746693480796756,-1.0952390289119203,-0.9499412937625457,0.029382352664001663,-2.7124756094299256,-1.4094151045102181,0
1.8452490195320705,1.0080223897163456,-0.14280008934512078,-1.2896250674242142,0.08495026380685022,-0.9002292956353849,0
0.6571252429991606,-0.2394121756845325,-0.2892387423293624,-0.5466702424899409,-0.7723398759996304,0.912624234579602,0
-1.5676382836202731,0.7443038165359411,-0.8256239937171086,1.0612507136045222,-0.46862441299738933,-1.478983026538654,0
-2.2892868843776446,0.20206047867663207,1.38686356835444,-0.45956811175094175,-0.9259568821058463,-3.937456806453932,0
2.560093118790093,0.23432329317991427,1.2932703294771661,0.7659963498103961,-3.0090495184031125,0.04206623562506695,0
1.092337812514775,0.09563385222310453,-0.7002094087865225,-0.4581442737642269,-0.5263029978232225,1.6325669396093523,0
0.6888409109952046,0.6363550788827833,-1.722758489076927,0.8471308773563647,-1.00475279674465,0.6660210829074495,0
0.8972905611654488,-0.19109660197844597,-0.721146356165798,0.9609737495699725,-2.058378453395782,-0.3237385674776345,0
-0.12894892585875706,0.6967416868884257,-2.011775432990934,2.701413088989703,-0.61462263732076,0.21985720319366509,0
1.1288485321873751,0.15206743546911297,-1.219019589635764,-0.2542494115512923,-1.2791762877273107,0.8898341013393722,0
-0.250477517797818,-1.5516033385986248,-2.4223412082938176,0.6632742780370271,0.06250068456241187,1.0045632565425826,0
-0.730375327394527,1.2904301302945174,-0.5183296593675648,-1.2006131792823256,-1.8297587227052712,-0.9991752095099525,0
-1.3943776140804458,-0.8022546664370894,0.9711720673589335,-1.6064718667968625,-1.8126511040023745,-3.028318120813511,0
-1.3360128570754335,0.38419271001007266,-3.130090107520919,0.807497613045854,-1.7302797608257532,0.08727251127149072,0
1.341756520996319,-0.15396438063644957,-0.7754715120595367,1.2574876575894556,-2.733440916317899,-0.7772593842229545,0
1.7852287479147408,-0.7595247532597775,-0.2757399993532902,0.45579206305335174,-1.8974694053424768,0.6600999835723602,0
1.5680294092733877,-0.29171220418112165,-0.20265130833171652,-0.3968394130058665,-1.4512895109286146,1.0215626580030404,0
1.3775682357899184,-1.035398045837858,-1.996179981754767,0.6411030370418971,-1.717340748123458,0.40448083890074293,0
-1.2271022472209623,0.08437350276606223,-2.943646821360658,-0.2685504093247245,1.5172331531092902,1.870080615505039,0
0.0746334313845074,1.3332945559185003,-1.2161410914680224,-0.28844217102757336,-2.329006325400731,-0.19034850644304802,0
0.9211773772224058,1.3175740923339654,-0.21850197063622412,1.0893593960017278,0.03187346268822333,2.0744550277703233,0
1.1514624143711452,0.35423473452920795,-1.1139955107539659,0.23973467264144868,-1.7639687778798852,0.21387759823346653,0
-0.20325727027106577,0.18174189672707158,-1.3307941362923392,0.6346619438439383,-1.384813883470016,-0.5628187342854434,0
1.310471366520791,1.039982025278316,-0.4239407197769639,-0.7072082400243318,-0.9791407255753836,1.245152553257939,0
-0.8012871227851556,0.131535112986163,-1.0145482579102496,1.1249199941936312,-1.4420375542868495,-0.6952296651428737,0
0.25825553230161136,1.3366736637183028,-2.8696268292983937,-0.5725668391542941,-0.6332787264613213,0.7908493149847523,0
-0.2937763395839035,-1.0808171905667887,-2.7363083437870896,1.1161688191908805,0.40828322129711436,1.3813325726249706,0
-3.2563833934044,-1.338135090108981,-0.44505148425265706,-0.43850961372976205,-2.7920044773455777,-1.6624099713221265,0
-2.840885340604352,-0.2522800240506807,0.28386713751271575,-0.2169069947406365,-1.2720596368696722,-2.94304639982973,0
1.2903271593623038,-1.1583430335621292,-0.5069912835448644,-1.7249149839191495,-1.7869404394458415,0.3489992624020333,0
1.1562460149285871,1.0300075795404255,-3.1774585926674095,1.7333247052733598,-2.3545320765550204,-0.31825468658444556,0
0.16062417687172237,0.8474482106813118,-1.0066871744734356,0.8036442484826389,0.29174029146651437,1.610135864647106,0
1.419197644208398,-1.4045744716631332,0.21868580751744227,-0.7944211168521731,-0.606301282275614,1.8516709807670664,0
-0.07545376555340111,0.7978311945292873,-3.0025495873936485,1.1872400241081305,-0.41930005954963245,2.2161301084618525,0
1.1544646567433938,0.3562493206975751,-2.6228210337667353,-0.37327075733085247,-1.0800280097521604,1.1214915966788024,0
0.6357786414432759,-0.22980194809379134,-1.585280155204111,-1.567421264233525,-0.3581126235496488,1.4301496026099336,0
0.6143269774563538,-0.9702821089489476,-2.116921490288749,-1.305745257878444,-1.7717235719079518,0.7267874478249172,0
1.6455262617831714,0.7687580372209124,-0.00798869734481622,-1.8388648340477685,-1.1750143807249565,1.5555876905634802,0
1.5117579378494128,0.6508226524187892,-0.43634135363397253,1.337133095199581,-2.062233151932176,0.2114523360991789,0
